1	ULVA	U	4	\N	\N
2	CURVATA	C	7	\N	\N
3	KUTZING	K	7	\N	\N
4	DE	D	2	\N	\N
5	TONI	T	4	\N	\N
6	ACROSIPHONIA	A	12	\N	\N
7	SONDERI	S	7	\N	\N
8	KORNMANN	K	8	\N	\N
9	CLADOPHORA	C	10	\N	\N
10	VADORUM	V	7	\N	\N
11	ARESCHOUG	A	9	\N	\N
12	CHAETOPELTIS	C	12	\N	\N
13	ORBICULARIS	O	11	\N	\N
14	BERTHOLD	B	8	\N	\N
15	MONOSTROMA	M	10	\N	\N
16	BULLOSUM	B	8	\N	\N
17	ROTH	R	4	\N	\N
18	WITTROCK	W	8	\N	\N
19	RHIZOCLONIUM	R	12	\N	\N
20	HIEROGLYPHICUM	H	14	\N	\N
21	C	C	1	\N	\N
22	AGARDH	A	6	\N	\N
23	CRYSTALLINA	C	11	\N	\N
24	ACROCHAETE	A	10	\N	\N
25	REPENS	R	6	\N	\N
26	PRINGSHEIM	P	10	\N	\N
27	MICROSPORA	M	10	\N	\N
28	FLOCCOSA	F	8	\N	\N
29	VAUCHER	V	7	\N	\N
30	THURET	T	6	\N	\N
31	CHAETOMORPHA	C	12	\N	\N
32	LINUM	L	5	\N	\N
33	MULLER	M	6	\N	\N
34	1888	1	4	\N	\N
35	CHAETOPHORA	C	11	\N	\N
36	ATTENUATA	A	9	\N	\N
37	HAZEN	H	5	\N	\N
38	TUMIDULA	T	8	\N	\N
39	OEDOGONIUM	O	10	\N	\N
40	CAPILLIFORME	C	12	\N	\N
41	OBLONGUM	O	8	\N	\N
42	SUECICUM	S	8	\N	\N
43	COLEOCHAETE	C	11	\N	\N
44	SPIROGYRA	S	9	\N	\N
45	CYLINDRICA	C	10	\N	\N
46	CZURDA	C	6	\N	\N
47	FARLOWII	F	8	\N	\N
48	TRANSEAU	T	8	\N	\N
49	PUNCTATA	P	8	\N	\N
50	CLEVE	C	5	\N	\N
51	ZYGNEMA	Z	7	\N	\N
52	COERULEUM	C	9	\N	\N
53	BULBOCHAETE	B	11	\N	\N
54	MIRABILIS	M	9	\N	\N
55	INCRASSATA	I	10	\N	\N
56	HUDSON	H	6	\N	\N
57	GLOEOTILA	G	9	\N	\N
58	PROTOGENITA	P	11	\N	\N
59	WITTROCKII	W	10	\N	\N
60	WILLE	W	5	\N	\N
61	LAGERHEIM	L	9	\N	\N
62	STIGEOCLONIUM	S	13	\N	\N
63	HELVETICUM	H	10	\N	\N
64	VISCHER	V	7	\N	\N
65	SETIFORMIS	S	10	\N	\N
66	RIGIDA	R	6	\N	\N
67	PARVULA	P	7	\N	\N
68	SCANDINAVICA	S	12	\N	\N
69	BLIDING	B	7	\N	\N
70	VIREONIDAE	V	10	\N	\N
71	UPUPIDAE	U	8	\N	\N
72	CORACIIFORMES	C	13	\N	\N
73	CICONIIFORMES	C	13	\N	\N
74	SCOLOPACIDAE	S	12	\N	\N
75	GRUIFORMES	G	10	\N	\N
76	PROCELLARIIDAE	P	14	\N	\N
77	PHOENICOPTERIDAE	P	16	\N	\N
78	PARULIDAE	P	9	\N	\N
79	CUCULIFORMES	C	12	\N	\N
80	LARIDAE	L	7	\N	\N
81	HIRUNDINIDAE	H	12	\N	\N
82	GLAREOLIDAE	G	11	\N	\N
83	FALCONIDAE	F	10	\N	\N
84	CORACIIDAE	C	10	\N	\N
85	CICONIIDAE	C	10	\N	\N
86	ULVALES	U	7	\N	\N
87	CLADOPHORALES	C	13	\N	\N
88	KLEBSORMIDIACEAE	K	16	\N	\N
89	TETRASPORACEAE	T	14	\N	\N
90	CHLOROCOCCACEAE	C	15	\N	\N
91	BRYOPSIDALES	B	12	\N	\N
92	BRYOPSIDACEAE	B	13	\N	\N
93	ANHINGIDAE	A	10	\N	\N
94	AEGITHALIDAE	A	12	\N	\N
95	SPONGOMORPHA	S	12	\N	\N
96	ENTOCLADIA	E	10	\N	\N
97	CHARACIUM	C	9	\N	\N
98	APHANOCHAETE	A	12	\N	\N
99	DICRANOCHAETE	D	13	\N	\N
100	TRERON	T	6	\N	\N
101	SURNICULUS	S	10	\N	\N
102	CHAETONEMA	C	10	\N	\N
103	LYSURUS	L	7	\N	\N
104	PASSERINA	P	9	\N	\N
105	XIPHORHYNCHUS	X	13	\N	\N
106	PREMNORNIS	P	10	\N	\N
107	PINICOLA	P	8	\N	\N
108	CALCARIUS	C	9	\N	\N
109	FRINGILLA	F	9	\N	\N
110	CHILIA	C	6	\N	\N
111	LINURGUS	L	8	\N	\N
112	DROMAIUS	D	8	\N	\N
113	DIOMEDEA	D	8	\N	\N
114	ANASTOMUS	A	9	\N	\N
115	EULABEORNIS	E	11	\N	\N
116	BOTAURUS	B	8	\N	\N
117	HEMICIRCUS	H	10	\N	\N
118	GECINULUS	G	9	\N	\N
119	ROLLULUS	R	8	\N	\N
120	VULTUR	V	6	\N	\N
121	SIPHONORHIS	S	11	\N	\N
122	OCEANITES	O	9	\N	\N
123	KOZLOWIA	K	8	\N	\N
124	ECTOCHAETE	E	10	\N	\N
125	DRAPARNALDIA	D	12	\N	\N
126	GOMONTIA	G	8	\N	\N
127	APIOCYSTIS	A	10	\N	\N
128	FULMARUS	F	8	\N	\N
129	GLACIALIS	G	9	\N	\N
130	LINNAEUS	L	8	\N	\N
131	1761	1	4	\N	\N
132	MORUS	M	5	\N	\N
133	BASSANUS	B	8	\N	\N
134	1758	1	4	\N	\N
135	ARDEA	A	5	\N	\N
136	CINEREA	C	7	\N	\N
137	BUBULCUS	B	8	\N	\N
138	IBIS	I	4	\N	\N
139	NYCTICORAX	N	10	\N	\N
140	CICONIA	C	7	\N	\N
141	NIGRA	N	5	\N	\N
142	PLATALEA	P	8	\N	\N
143	LEUCORODIA	L	10	\N	\N
144	CYGNUS	C	6	\N	\N
145	BRANTA	B	6	\N	\N
146	BERNICLA	B	8	\N	\N
147	ANSER	A	5	\N	\N
148	ALBIFRONS	A	9	\N	\N
149	SCOPOLI	S	7	\N	\N
150	1769	1	4	\N	\N
151	ERYTHROPUS	E	10	\N	\N
152	ANAS	A	4	\N	\N
153	STREPERA	S	8	\N	\N
154	CRECCA	C	6	\N	\N
155	PENELOPE	P	8	\N	\N
156	BUCEPHALA	B	9	\N	\N
157	CLANGULA	C	8	\N	\N
158	HISTRIONICUS	H	12	\N	\N
159	SOMATERIA	S	9	\N	\N
160	SPECTABILIS	S	11	\N	\N
161	MELANITTA	M	9	\N	\N
162	MERGUS	M	6	\N	\N
163	SERRATOR	S	8	\N	\N
164	MERGELLUS	M	9	\N	\N
165	ALBELLUS	A	8	\N	\N
166	ELANUS	E	6	\N	\N
167	CAERULEUS	C	9	\N	\N
168	DESFONTAINES	D	12	\N	\N
169	1789	1	4	\N	\N
170	ACCIPITER	A	9	\N	\N
171	NISUS	N	5	\N	\N
172	BUTEO	B	5	\N	\N
173	FALCO	F	5	\N	\N
174	RUPICOLOIDES	R	12	\N	\N
175	A	A	1	\N	\N
176	SMITH	S	5	\N	\N
177	1829	1	4	\N	\N
178	VESPERTINUS	V	11	\N	\N
179	1766	1	4	\N	\N
180	PHALCOBOENUS	P	12	\N	\N
181	AUSTRALIS	A	9	\N	\N
182	J	J	1	\N	\N
183	F	F	1	\N	\N
184	GMELIN	G	6	\N	\N
185	1788	1	4	\N	\N
186	MILVAGO	M	7	\N	\N
187	CHIMANGO	C	8	\N	\N
188	VIEILLOT	V	8	\N	\N
189	1816	1	4	\N	\N
190	MICRASTUR	M	9	\N	\N
191	PLUMBEUS	P	8	\N	\N
192	W	W	1	\N	\N
193	L	L	1	\N	\N
194	SCLATER	S	7	\N	\N
195	1918	1	4	\N	\N
196	POLIHIERAX	P	10	\N	\N
197	SEMITORQUATUS	S	13	\N	\N
198	1836	1	4	\N	\N
199	MICROHIERAX	M	11	\N	\N
200	LATIFRONS	L	9	\N	\N
201	SHARPE	S	6	\N	\N
202	1879	1	4	\N	\N
203	LEIPOA	L	6	\N	\N
204	OCELLATA	O	8	\N	\N
205	GOULD	G	5	\N	\N
206	1840	1	4	\N	\N
207	AEPYPODIUS	A	10	\N	\N
208	ARFAKIANUS	A	10	\N	\N
209	SALVADORI	S	9	\N	\N
210	1877	1	4	\N	\N
211	ORTALIS	O	7	\N	\N
212	CANICOLLIS	C	10	\N	\N
213	WAGLER	W	6	\N	\N
214	1830	1	4	\N	\N
215	RUFICAUDA	R	9	\N	\N
216	JARDINE	J	7	\N	\N
217	1847	1	4	\N	\N
218	ARGYROTIS	A	9	\N	\N
219	BONAPARTE	B	9	\N	\N
220	1856	1	4	\N	\N
221	MARAIL	M	6	\N	\N
222	STATIUS	S	7	\N	\N
223	1776	1	4	\N	\N
224	ORTONI	O	6	\N	\N
225	SALVIN	S	6	\N	\N
226	1874	1	4	\N	\N
227	SUPERCILIARIS	S	13	\N	\N
228	TEMMINCK	T	8	\N	\N
229	1815	1	4	\N	\N
230	CHAMAEPETES	C	11	\N	\N
231	GOUDOTII	G	8	\N	\N
232	LESSON	L	6	\N	\N
233	1828	1	4	\N	\N
234	NOTHOCRAX	N	9	\N	\N
235	URUMUTUM	U	8	\N	\N
236	SPIX	S	4	\N	\N
237	1825	1	4	\N	\N
238	CRAX	C	4	\N	\N
239	DAUBENTONI	D	10	\N	\N
240	G	G	1	\N	\N
241	R	R	1	\N	\N
242	GRAY	G	4	\N	\N
243	1867	1	4	\N	\N
244	BONASA	B	6	\N	\N
245	UMBELLUS	U	8	\N	\N
246	TYMPANUCHUS	T	11	\N	\N
247	PHASIANELLUS	P	12	\N	\N
248	COLINUS	C	7	\N	\N
249	CRISTATUS	C	9	\N	\N
250	CALLIPEPLA	C	10	\N	\N
251	GAMBELII	G	8	\N	\N
252	GAMBEL	G	6	\N	\N
253	1843	1	4	\N	\N
254	PHASIANUS	P	9	\N	\N
255	COLCHICUS	C	9	\N	\N
256	ALECTORIS	A	9	\N	\N
257	GRAECA	G	6	\N	\N
258	MEISNER	M	7	\N	\N
259	1804	1	4	\N	\N
260	PERDIX	P	6	\N	\N
261	ODONTOPHORUS	O	12	\N	\N
262	ATRIFRONS	A	9	\N	\N
263	ALLEN	A	5	\N	\N
264	1900	1	4	\N	\N
265	DIALEUCOS	D	9	\N	\N
266	WETMORE	W	7	\N	\N
267	1963	1	4	\N	\N
268	ANTHROPOIDES	A	12	\N	\N
269	VIRGO	V	5	\N	\N
270	OTIS	O	4	\N	\N
271	TARDA	T	5	\N	\N
272	VANELLUS	V	8	\N	\N
273	GREGARIUS	G	9	\N	\N
274	PALLAS	P	6	\N	\N
275	1771	1	4	\N	\N
276	CHARADRIUS	C	10	\N	\N
277	LESCHENAULTII	L	13	\N	\N
278	1826	1	4	\N	\N
279	PLUVIALIS	P	9	\N	\N
280	SQUATAROLA	S	10	\N	\N
281	TRINGA	T	6	\N	\N
282	1764	1	4	\N	\N
283	CALIDRIS	C	8	\N	\N
284	TENUIROSTRIS	T	12	\N	\N
285	HORSFIELD	H	9	\N	\N
286	1821	1	4	\N	\N
287	MELANOTOS	M	9	\N	\N
288	1819	1	4	\N	\N
289	ALPINA	A	6	\N	\N
290	ALBA	A	4	\N	\N
291	LIMNODROMUS	L	11	\N	\N
292	SCOLOPACEUS	S	11	\N	\N
293	SAY	S	3	\N	\N
294	1823	1	4	\N	\N
295	LIMOSA	L	6	\N	\N
296	LAPPONICA	L	9	\N	\N
297	LIMICOLA	L	8	\N	\N
298	FALCINELLUS	F	11	\N	\N
299	PONTOPPIDAN	P	11	\N	\N
300	1763	1	4	\N	\N
301	RECURVIROSTRA	R	13	\N	\N
302	AVOSETTA	A	8	\N	\N
303	PHALAROPUS	P	10	\N	\N
304	TRICOLOR	T	8	\N	\N
305	BURHINUS	B	8	\N	\N
306	OEDICNEMUS	O	10	\N	\N
307	CURSORIUS	C	9	\N	\N
308	CURSOR	C	6	\N	\N
309	LATHAM	L	6	\N	\N
310	1787	1	4	\N	\N
311	STERCORARIUS	S	12	\N	\N
312	POMARINUS	P	9	\N	\N
313	LARUS	L	5	\N	\N
314	GLAUCOIDES	G	10	\N	\N
315	MEYER	M	5	\N	\N
316	1822	1	4	\N	\N
317	RIDIBUNDUS	R	10	\N	\N
318	MINUTUS	M	7	\N	\N
319	RHODOSTETHIA	R	12	\N	\N
320	ROSEA	R	5	\N	\N
321	MACGILLIVRAY	M	12	\N	\N
322	1824	1	4	\N	\N
323	STERNA	S	6	\N	\N
324	PARADISAEA	P	10	\N	\N
325	ANAETHETUS	A	10	\N	\N
326	1786	1	4	\N	\N
327	ALLE	A	4	\N	\N
328	FRATERCULA	F	10	\N	\N
329	ARCTICA	A	7	\N	\N
330	SYRRHAPTES	S	10	\N	\N
331	PARADOXUS	P	9	\N	\N
332	1773	1	4	\N	\N
333	COLUMBA	C	7	\N	\N
334	LIVIA	L	5	\N	\N
335	AEGOLIUS	A	8	\N	\N
336	FUNEREUS	F	8	\N	\N
337	JYNX	J	4	\N	\N
338	TORQUILLA	T	9	\N	\N
339	TOXOSTOMA	T	9	\N	\N
340	LONGIROSTRE	L	11	\N	\N
341	LAFRESNAYE	L	10	\N	\N
342	1838	1	4	\N	\N
343	REDIVIVUM	R	9	\N	\N
344	1845	1	4	\N	\N
345	OREOSCOPTES	O	11	\N	\N
346	MONTANUS	M	8	\N	\N
347	TOWNSEND	T	8	\N	\N
348	1837	1	4	\N	\N
349	MUSCICAPA	M	9	\N	\N
350	SIBIRICA	S	8	\N	\N
351	CETTIA	C	6	\N	\N
352	DIPHONE	D	7	\N	\N
353	KITTLITZ	K	8	\N	\N
354	CLYTORHYNCHUS	C	13	\N	\N
355	VITIENSIS	V	9	\N	\N
356	HARTLAUB	H	8	\N	\N
357	1866	1	4	\N	\N
358	MYIAGRA	M	7	\N	\N
359	ERYTHROPS	E	9	\N	\N
360	FINSCH	F	6	\N	\N
361	1868	1	4	\N	\N
362	RHIPIDURA	R	9	\N	\N
363	LEPIDA	L	6	\N	\N
364	AURIPARUS	A	9	\N	\N
365	FLAVICEPS	F	9	\N	\N
366	SUNDEVALL	S	9	\N	\N
367	1850	1	4	\N	\N
368	SITTA	S	5	\N	\N
369	PUSILLA	P	7	\N	\N
370	1790	1	4	\N	\N
371	CHAETOPTILA	C	11	\N	\N
372	ANGUSTIPLUMA	A	12	\N	\N
373	PEALE	P	5	\N	\N
374	1848	1	4	\N	\N
375	MOHO	M	4	\N	\N
376	BISHOPI	B	7	\N	\N
377	ROTHSCHILD	R	10	\N	\N
378	1893	1	4	\N	\N
379	CHAMAEA	C	7	\N	\N
380	FASCIATA	F	8	\N	\N
381	BASILEUTERUS	B	12	\N	\N
382	RUFIFRONS	R	9	\N	\N
383	SWAINSON	S	8	\N	\N
384	VERMIVORA	V	9	\N	\N
385	CHRYSOPTERA	C	11	\N	\N
386	CELATA	C	6	\N	\N
387	LUCIAE	L	6	\N	\N
388	COOPER	C	6	\N	\N
389	1861	1	4	\N	\N
390	DENDROICA	D	9	\N	\N
391	PETECHIA	P	8	\N	\N
392	CORONATA	C	8	\N	\N
393	CHRYSOPARIA	C	11	\N	\N
394	P	P	1	\N	\N
395	1860	1	4	\N	\N
396	DOMINICA	D	8	\N	\N
397	STRIATA	S	7	\N	\N
398	FORSTER	F	7	\N	\N
399	1772	1	4	\N	\N
400	PALMARUM	P	8	\N	\N
401	SEIURUS	S	7	\N	\N
402	MOTACILLA	M	9	\N	\N
403	1809	1	4	\N	\N
404	OPORORNIS	O	9	\N	\N
405	TOLMIEI	T	7	\N	\N
406	K	K	1	\N	\N
407	1839	1	4	\N	\N
408	ICTERIA	I	7	\N	\N
409	VIRENS	V	6	\N	\N
410	WILSONIA	W	8	\N	\N
411	WILSON	W	6	\N	\N
412	1811	1	4	\N	\N
413	MYIOBORUS	M	9	\N	\N
414	PICTUS	P	6	\N	\N
415	CYANEA	C	6	\N	\N
416	COCCOTHRAUSTES	C	14	\N	\N
417	ENUCLEATOR	E	10	\N	\N
418	LAPPONICUS	L	10	\N	\N
419	EMBERIZA	E	8	\N	\N
420	CORVUS	C	6	\N	\N
421	CORAX	C	5	\N	\N
422	TURDUS	T	6	\N	\N
423	MERULA	M	6	\N	\N
424	TARSIGER	T	8	\N	\N
425	CYANURUS	C	8	\N	\N
426	PHYLLOSCOPUS	P	12	\N	\N
427	SIBILATRIX	S	10	\N	\N
428	BECHSTEIN	B	9	\N	\N
429	1793	1	4	\N	\N
430	HIMANTOPUS	H	10	\N	\N
431	EREMOPHILA	E	10	\N	\N
432	ALPESTRIS	A	9	\N	\N
433	CACHINNANS	C	10	\N	\N
434	CITREOLA	C	8	\N	\N
435	ALCEDO	A	6	\N	\N
436	LEUCOGASTER	L	11	\N	\N
437	FRASER	F	6	\N	\N
438	CEYX	C	4	\N	\N
439	MELANURUS	M	9	\N	\N
440	KAUP	K	4	\N	\N
441	DACELO	D	6	\N	\N
442	NOVAEGUINEAE	N	12	\N	\N
443	HERMANN	H	7	\N	\N
444	1783	1	4	\N	\N
445	CLYTOCEYX	C	9	\N	\N
446	REX	R	3	\N	\N
447	1880	1	4	\N	\N
448	PELARGOPSIS	P	11	\N	\N
449	MELANORHYNCHA	M	13	\N	\N
450	HALCYON	H	7	\N	\N
451	PILEATA	P	7	\N	\N
452	BODDAERT	B	8	\N	\N
453	CHELICUTI	C	9	\N	\N
454	STANLEY	S	7	\N	\N
455	1814	1	4	\N	\N
456	ACTENOIDES	A	10	\N	\N
457	BOUGAINVILLEI	B	13	\N	\N
458	1904	1	4	\N	\N
459	MONACHUS	M	8	\N	\N
460	TANYSIPTERA	T	11	\N	\N
461	HYDROCHARIS	H	11	\N	\N
462	1858	1	4	\N	\N
463	SYLVIA	S	6	\N	\N
464	CHLOROCERYLE	C	12	\N	\N
465	AMAZONA	A	7	\N	\N
466	NYCTYORNIS	N	10	\N	\N
467	ATHERTONI	A	9	\N	\N
468	SELBY	S	5	\N	\N
469	MEROPS	M	6	\N	\N
470	BULOCKI	B	7	\N	\N
471	1817	1	4	\N	\N
472	OREOBATES	O	9	\N	\N
473	1892	1	4	\N	\N
474	REVOILII	R	8	\N	\N
475	OUSTALET	O	8	\N	\N
476	1882	1	4	\N	\N
477	VIRIDIS	V	7	\N	\N
478	ORNATUS	O	7	\N	\N
479	1802	1	4	\N	\N
480	NUBICUS	N	7	\N	\N
481	COLIUS	C	6	\N	\N
482	CLAMATOR	C	8	\N	\N
483	GLANDARIUS	G	10	\N	\N
484	CUCULUS	C	7	\N	\N
485	VARIUS	V	6	\N	\N
486	VAHL	V	4	\N	\N
487	1797	1	4	\N	\N
488	MICROPTERUS	M	11	\N	\N
489	PALLIDUS	P	8	\N	\N
490	ACROCEPHALUS	A	12	\N	\N
491	AGRICOLA	A	8	\N	\N
492	JERDON	J	6	\N	\N
493	SCIRPACEUS	S	10	\N	\N
494	ANTHUS	A	6	\N	\N
495	GODLEWSKII	G	10	\N	\N
496	TACZANOWSKI	T	11	\N	\N
497	1876	1	4	\N	\N
498	PETROSUS	P	8	\N	\N
499	MONTAGU	M	7	\N	\N
500	1798	1	4	\N	\N
501	CNEMARCHUS	C	10	\N	\N
502	ERYTHROPYGIUS	E	13	\N	\N
503	1853	1	4	\N	\N
504	CNEMOTRICCUS	C	12	\N	\N
505	FUSCATUS	F	8	\N	\N
506	WIED-NEUWIED	W	12	\N	\N
507	1831	1	4	\N	\N
508	COCHOA	C	6	\N	\N
509	BECCARII	B	8	\N	\N
510	COLLURICINCLA	C	13	\N	\N
511	BOWERI	B	6	\N	\N
512	RAMSAY	R	6	\N	\N
513	1885	1	4	\N	\N
514	WOODWARDI	W	9	\N	\N
515	HARTERT	H	7	\N	\N
516	1905	1	4	\N	\N
517	COLUMBINA	C	9	\N	\N
518	BUCKLEYI	B	8	\N	\N
519	CONIROSTRUM	C	11	\N	\N
520	BICOLOR	B	7	\N	\N
521	MARGARITAE	M	10	\N	\N
522	HOLT	H	4	\N	\N
523	1931	1	4	\N	\N
524	TAMARUGENSE	T	11	\N	\N
525	JOHNSON	J	7	\N	\N
526	MILLIE	M	6	\N	\N
527	1972	1	4	\N	\N
528	CONOPOPHAGA	C	11	\N	\N
529	CASTANEICEPS	C	12	\N	\N
530	1857	1	4	\N	\N
531	PERUVIANA	P	9	\N	\N
532	DESMURS	D	7	\N	\N
533	CONOPOPHILA	C	11	\N	\N
534	WHITEI	W	6	\N	\N
535	NORTH	N	5	\N	\N
536	1910	1	4	\N	\N
537	CONOTHRAUPIS	C	12	\N	\N
538	SPECULIGERA	S	11	\N	\N
539	1855	1	4	\N	\N
540	CONTOPUS	C	8	\N	\N
541	LUGUBRIS	L	8	\N	\N
542	LAWRENCE	L	8	\N	\N
543	1865	1	4	\N	\N
544	COPSYCHUS	C	9	\N	\N
545	ALBOSPECULARIS	A	14	\N	\N
546	EYDOUX	E	6	\N	\N
547	GERVAIS	G	7	\N	\N
548	STRICKLANDII	S	12	\N	\N
549	MOTLEY	M	6	\N	\N
550	DILLWYN	D	7	\N	\N
551	CORACINA	C	8	\N	\N
552	AZUREA	A	6	\N	\N
553	CASSIN	C	6	\N	\N
554	1852	1	4	\N	\N
555	CAESIA	C	6	\N	\N
556	LICHTENSTEIN	L	12	\N	\N
557	COERULESCENS	C	12	\N	\N
558	BLYTH	B	5	\N	\N
559	1842	1	4	\N	\N
560	FORTIS	F	6	\N	\N
561	1878	1	4	\N	\N
562	INCERTA	I	7	\N	\N
563	LINEATA	L	7	\N	\N
564	MCGREGORI	M	9	\N	\N
565	MEARNS	M	6	\N	\N
566	1907	1	4	\N	\N
567	MINDANENSIS	M	11	\N	\N
568	TWEEDDALE	T	9	\N	\N
569	OSTENTA	O	7	\N	\N
570	RIPLEY	R	6	\N	\N
571	1952	1	4	\N	\N
572	PERSONATA	P	9	\N	\N
573	BRUNICEPS	B	9	\N	\N
574	BRANDT	B	6	\N	\N
575	1841	1	4	\N	\N
576	RUTILA	R	6	\N	\N
577	HIPPOLAIS	H	9	\N	\N
578	ICTERINA	I	8	\N	\N
579	POLYGLOTTA	P	10	\N	\N
580	LANIUS	L	6	\N	\N
581	COLLURIOIDES	C	12	\N	\N
582	1832	1	4	\N	\N
583	ISABELLINUS	I	11	\N	\N
584	EHRENBERG	E	9	\N	\N
585	1833	1	4	\N	\N
586	NEWTONI	N	7	\N	\N
587	BOCAGE	B	6	\N	\N
588	1891	1	4	\N	\N
589	SENATOR	S	7	\N	\N
590	TEPHRONOTUS	T	11	\N	\N
591	VIGORS	V	6	\N	\N
592	ARMENICUS	A	9	\N	\N
593	BUTURLIN	B	8	\N	\N
594	1934	1	4	\N	\N
595	LATERALLUS	L	10	\N	\N
596	ALBIGULARIS	A	11	\N	\N
597	LEIOTHRIX	L	9	\N	\N
598	ARGENTAURIS	A	11	\N	\N
599	HODGSON	H	7	\N	\N
600	LEPIDOCOLAPTES	L	14	\N	\N
601	ALBOLINEATUS	A	12	\N	\N
602	1846	1	4	\N	\N
603	SQUAMATUS	S	9	\N	\N
604	LEPTASTHENURA	L	13	\N	\N
605	PHILIPPI	P	8	\N	\N
606	LANDBECK	L	8	\N	\N
607	1863	1	4	\N	\N
608	LEPTODON	L	8	\N	\N
609	FORBESI	F	7	\N	\N
610	SWANN	S	5	\N	\N
611	1922	1	4	\N	\N
612	LEPTOPOGON	L	10	\N	\N
613	RUFIPECTUS	R	10	\N	\N
614	LEPTOTILA	L	9	\N	\N
615	BATTYI	B	6	\N	\N
616	1901	1	4	\N	\N
617	LEUCOPSAR	L	9	\N	\N
618	ROTHSCHILDI	R	11	\N	\N
619	STRESEMANN	S	10	\N	\N
620	1912	1	4	\N	\N
621	LEUCOSTICTE	L	11	\N	\N
622	SILLEMI	S	7	\N	\N
623	S	S	1	\N	\N
624	ROSELAAR	R	8	\N	\N
625	1992	1	4	\N	\N
626	LICHENOSTOMUS	L	13	\N	\N
627	CRATITIUS	C	9	\N	\N
628	FLAVICOLLIS	F	11	\N	\N
629	HINDWOODI	H	9	\N	\N
630	LONGMORE	L	8	\N	\N
631	BOLES	B	5	\N	\N
632	1983	1	4	\N	\N
633	OBSCURUS	O	8	\N	\N
634	VIS	V	3	\N	\N
635	1897	1	4	\N	\N
636	PLUMULUS	P	8	\N	\N
637	VIRESCENS	V	9	\N	\N
638	LICHMERA	L	8	\N	\N
639	FLAVICANS	F	9	\N	\N
640	MONTICOLA	M	9	\N	\N
641	LIMNORNIS	L	9	\N	\N
642	RECTIROSTRIS	R	12	\N	\N
643	LIOCICHLA	L	9	\N	\N
644	PHOENICEA	P	9	\N	\N
645	LOCUSTELLA	L	10	\N	\N
646	LUSCINIOIDES	L	12	\N	\N
647	SAVI	S	4	\N	\N
648	NUCIFRAGA	N	9	\N	\N
649	CARYOCATACTES	C	13	\N	\N
650	OENANTHE	O	8	\N	\N
651	DESERTI	D	7	\N	\N
652	ISABELLINA	I	10	\N	\N
653	PLESCHANKA	P	10	\N	\N
654	LEPECHIN	L	8	\N	\N
655	1770	1	4	\N	\N
656	ORIOLUS	O	7	\N	\N
657	PANURUS	P	7	\N	\N
658	BIARMICUS	B	9	\N	\N
659	PHYLLASTREPHUS	P	14	\N	\N
660	FLAVOSTRIATUS	F	13	\N	\N
661	ICTERINUS	I	9	\N	\N
662	PLACIDUS	P	8	\N	\N
663	SHELLEY	S	7	\N	\N
664	1889	1	4	\N	\N
665	STREPITANS	S	10	\N	\N
666	REICHENOW	R	9	\N	\N
667	ZOSTEROPS	Z	9	\N	\N
668	1875	1	4	\N	\N
669	PHYLLOMYIAS	P	11	\N	\N
670	FASCIATUS	F	9	\N	\N
671	THUNBERG	T	8	\N	\N
672	NIGROCAPILLUS	N	13	\N	\N
673	UROPYGIALIS	U	11	\N	\N
674	1869	1	4	\N	\N
675	PHYLLOSCARTES	P	13	\N	\N
676	DIFFICILIS	D	10	\N	\N
677	H	H	1	\N	\N
678	IHERING	I	7	\N	\N
679	GUALAQUIZAE	G	11	\N	\N
680	1887	1	4	\N	\N
681	OPHTHALMICUS	O	12	\N	\N
682	PARKERI	P	7	\N	\N
683	FITZPATRICK	F	11	\N	\N
684	STOTZ	S	5	\N	\N
685	1997	1	4	\N	\N
686	SYLVIOLUS	S	9	\N	\N
687	CABANIS	C	7	\N	\N
688	HEINE	H	5	\N	\N
689	1859	1	4	\N	\N
690	AFFINIS	A	7	\N	\N
691	TICKELL	T	7	\N	\N
692	BOREALOIDES	B	11	\N	\N
693	PORTENKO	P	8	\N	\N
694	1950	1	4	\N	\N
695	CHLORONOTUS	C	11	\N	\N
696	DAVISONI	D	8	\N	\N
697	OATES	O	5	\N	\N
698	IJIMAE	I	6	\N	\N
699	STEJNEGER	S	9	\N	\N
700	LORENZII	L	8	\N	\N
701	LORENZ	L	6	\N	\N
702	NEGLECTUS	N	9	\N	\N
703	HUME	H	4	\N	\N
704	1870	1	4	\N	\N
705	PRESBYTES	P	9	\N	\N
706	REGULOIDES	R	10	\N	\N
707	SCHWARZI	S	8	\N	\N
708	RADDE	R	5	\N	\N
709	TRIVIRGATUS	T	11	\N	\N
710	STRICKLAND	S	10	\N	\N
711	1849	1	4	\N	\N
712	PHYTOTOMA	P	9	\N	\N
713	RAIMONDII	R	9	\N	\N
714	1883	1	4	\N	\N
715	PICATHARTES	P	11	\N	\N
716	OREAS	O	5	\N	\N
717	1899	1	4	\N	\N
718	PIPILO	P	6	\N	\N
719	OCAI	O	4	\N	\N
720	PRUNELLA	P	8	\N	\N
721	COLLARIS	C	8	\N	\N
722	REGULUS	R	7	\N	\N
723	IGNICAPILLUS	I	12	\N	\N
724	1820	1	4	\N	\N
725	STURNUS	S	7	\N	\N
726	ROSEUS	R	6	\N	\N
727	NISORIA	N	7	\N	\N
728	1795	1	4	\N	\N
729	UNDATA	U	6	\N	\N
730	THRIPOPHAGA	T	11	\N	\N
731	FUSCICEPS	F	9	\N	\N
732	THRYOTHORUS	T	11	\N	\N
733	ATROGULARIS	A	11	\N	\N
734	1864	1	4	\N	\N
735	FASCIATOVENTRIS	F	15	\N	\N
736	GUARAYANUS	G	10	\N	\N
737	MACULIPECTUS	M	12	\N	\N
738	NIGRICAPILLUS	N	13	\N	\N
739	RUTILUS	R	7	\N	\N
740	SPADIX	S	6	\N	\N
741	BANGS	B	5	\N	\N
742	TICHODROMA	T	10	\N	\N
743	MURARIA	M	7	\N	\N
744	TIMALIA	T	7	\N	\N
745	TITYRA	T	6	\N	\N
746	INQUISITOR	I	10	\N	\N
747	TODIROSTRUM	T	11	\N	\N
748	MACULATUM	M	9	\N	\N
749	DESMAREST	D	9	\N	\N
750	1806	1	4	\N	\N
751	POLIOCEPHALUM	P	13	\N	\N
752	TOLMOMYIAS	T	10	\N	\N
753	POLIOCEPHALUS	P	13	\N	\N
754	1884	1	4	\N	\N
755	TORREORNIS	T	10	\N	\N
756	INEXPECTATA	I	11	\N	\N
757	BARBOUR	B	7	\N	\N
758	PETERS	P	6	\N	\N
759	1927	1	4	\N	\N
760	GUTTATUM	G	8	\N	\N
761	RIDGWAY	R	7	\N	\N
762	TRICHASTOMA	T	11	\N	\N
763	TRICHIXOS	T	9	\N	\N
764	PYRROPYGA	P	9	\N	\N
765	TRICHOLESTES	T	12	\N	\N
766	CRINIGER	C	8	\N	\N
767	TROCHOCERCUS	T	12	\N	\N
768	CYANOMELAS	C	10	\N	\N
769	1818	1	4	\N	\N
770	TROGLODYTES	T	11	\N	\N
771	OCHRACEUS	O	9	\N	\N
772	TANNERI	T	7	\N	\N
773	1890	1	4	\N	\N
774	TURDOIDES	T	9	\N	\N
775	FULVUS	F	6	\N	\N
776	HINDEI	H	6	\N	\N
777	LEUCOPYGIUS	L	11	\N	\N
778	RUPPELL	R	7	\N	\N
779	ZOOTHERA	Z	8	\N	\N
780	CAPITO	C	6	\N	\N
781	WALLACEI	W	8	\N	\N
782	ONEILL	O	6	\N	\N
783	D	D	1	\N	\N
784	LANE	L	4	\N	\N
785	KRATTER	K	7	\N	\N
786	CAPPARELLA	C	10	\N	\N
787	JOO	J	3	\N	\N
788	2000	2	4	\N	\N
789	PICUMNUS	P	8	\N	\N
790	NIGROPUNCTATUS	N	14	\N	\N
791	ZIMMER	Z	6	\N	\N
792	PHELPS	P	6	\N	\N
793	CELEUS	C	6	\N	\N
794	OBRIENI	O	7	\N	\N
795	SHORT	S	5	\N	\N
796	1973	1	4	\N	\N
797	OTUS	O	4	\N	\N
798	SENEGALENSIS	S	12	\N	\N
799	ALIUS	A	5	\N	\N
800	RASMUSSEN	R	9	\N	\N
801	1998	1	4	\N	\N
802	OCCIDENTALIS	O	12	\N	\N
803	WYMANI	W	6	\N	\N
804	ARGENTATUS	A	10	\N	\N
805	SMITHSONIANUS	S	13	\N	\N
806	CANUS	C	5	\N	\N
807	BRACHYRHYNCHUS	B	14	\N	\N
808	TRIDACTYLA	T	10	\N	\N
809	GULARIS	G	7	\N	\N
810	SHAW	S	4	\N	\N
811	HIRUNDINEUS	H	11	\N	\N
812	PUSILLUS	P	8	\N	\N
813	OCULARIS	O	8	\N	\N
814	VARIEGATUS	V	10	\N	\N
815	LORINGI	L	7	\N	\N
816	1915	1	4	\N	\N
817	ORIENTALIS	O	10	\N	\N
818	BELUDSCHICUS	B	12	\N	\N
819	NEUMANN	N	7	\N	\N
820	FERRUGEICEPS	F	12	\N	\N
821	ANDERSON	A	8	\N	\N
822	PERSICUS	P	8	\N	\N
823	CHRYSOCERCUS	C	12	\N	\N
824	PHILIPPINUS	P	11	\N	\N
825	CELEBENSIS	C	10	\N	\N
826	BLASIUS	B	7	\N	\N
827	AMERICANUS	A	10	\N	\N
828	LESCHENAULTI	L	12	\N	\N
829	QUINTICOLOR	Q	11	\N	\N
830	MIMUS	M	5	\N	\N
831	POLYGLOTTOS	P	11	\N	\N
832	SENNETTI	S	8	\N	\N
833	CURVIROSTRE	C	11	\N	\N
834	PALMERI	P	7	\N	\N
835	DORSALE	D	7	\N	\N
836	EUPODOTIS	E	9	\N	\N
837	RUEPPELLII	R	10	\N	\N
838	FITZSIMONSI	F	11	\N	\N
839	ROBERTS	R	7	\N	\N
840	1937	1	4	\N	\N
841	AFROTIS	A	7	\N	\N
842	AFRAOIDES	A	9	\N	\N
843	ETOSCHAE	E	8	\N	\N
844	GROTE	G	5	\N	\N
845	HOUBAROPSIS	H	11	\N	\N
846	BENGALENSIS	B	11	\N	\N
847	BLANDINI	B	8	\N	\N
848	DELACOUR	D	8	\N	\N
849	1928	1	4	\N	\N
850	BAEOLOPHUS	B	10	\N	\N
851	WOLLWEBERI	W	10	\N	\N
852	PHILLIPSI	P	9	\N	\N
853	VAN	V	3	\N	\N
854	ROSSEM	R	6	\N	\N
855	1947	1	4	\N	\N
856	POECILE	P	7	\N	\N
857	ATRICAPILLUS	A	12	\N	\N
858	FORTUITA	F	8	\N	\N
859	DAWSON	D	6	\N	\N
860	BOWLES	B	6	\N	\N
861	1909	1	4	\N	\N
862	GARRINA	G	7	\N	\N
863	BEHLE	B	5	\N	\N
864	1951	1	4	\N	\N
865	INORNATUS	I	9	\N	\N
866	MOHAVENSIS	M	10	\N	\N
867	MILLER	M	6	\N	\N
868	1946	1	4	\N	\N
869	SCLATERI	S	8	\N	\N
870	KLEINSCHMIDT	K	12	\N	\N
871	CAMPETHERA	C	10	\N	\N
872	ABINGONI	A	8	\N	\N
873	SUAHELICA	S	9	\N	\N
874	1902	1	4	\N	\N
875	CAILLIAUTII	C	11	\N	\N
876	PERMISTA	P	8	\N	\N
877	NIVOSA	N	6	\N	\N
878	HERBERTI	H	8	\N	\N
879	ALEXANDER	A	9	\N	\N
880	1908	1	4	\N	\N
881	CAROLI	C	6	\N	\N
882	MALHERBE	M	8	\N	\N
883	DENDROPICOS	D	11	\N	\N
884	FUSCESCENS	F	10	\N	\N
885	HEMPRICHII	H	10	\N	\N
886	MASSAICUS	M	9	\N	\N
887	GABONENSIS	G	10	\N	\N
888	REICHENOWI	R	10	\N	\N
889	SJOSTEDT	S	8	\N	\N
890	ELLIOTII	E	8	\N	\N
891	GOERTAE	G	7	\N	\N
892	ABESSINICUS	A	11	\N	\N
893	RHODEOGASTER	R	12	\N	\N
894	FISCHER	F	7	\N	\N
895	GRISEOCEPHALUS	G	14	\N	\N
896	RUWENZORI	R	9	\N	\N
897	OBSOLETUS	O	9	\N	\N
898	HYPOPICUS	H	9	\N	\N
899	HYPERYTHRUS	H	11	\N	\N
900	SUBRUFINUS	S	10	\N	\N
901	DENDROCOPOS	D	11	\N	\N
902	MACULATUS	M	9	\N	\N
903	MENAGEI	M	7	\N	\N
904	BOURNS	B	6	\N	\N
905	WORCESTER	W	9	\N	\N
906	1894	1	4	\N	\N
907	MOLUCCENSIS	M	11	\N	\N
908	CINEREIGULA	C	11	\N	\N
909	KIZUKI	K	6	\N	\N
910	KOTATAKI	K	8	\N	\N
911	KURODA	K	6	\N	\N
912	ORII	O	4	\N	\N
913	1923	1	4	\N	\N
914	CANICAPILLUS	C	12	\N	\N
915	AURANTIIVENTRIS	A	15	\N	\N
916	DELACOURI	D	9	\N	\N
917	SCHAUENSEE	S	10	\N	\N
918	1938	1	4	\N	\N
919	LA	L	2	\N	\N
920	TOUCHE	T	6	\N	\N
921	1921	1	4	\N	\N
922	SWINHOEI	S	8	\N	\N
923	MINOR	M	5	\N	\N
924	BUTURLINI	B	9	\N	\N
925	LEDOUCI	L	7	\N	\N
926	MACEI	M	5	\N	\N
927	ANALIS	A	6	\N	\N
928	WESTERMANI	W	10	\N	\N
929	AURICEPS	A	8	\N	\N
930	INCOGNITUS	I	10	\N	\N
931	SCULLY	S	6	\N	\N
932	MERCENARIA	M	10	\N	\N
933	TSCHUDI	T	7	\N	\N
934	1844	1	4	\N	\N
935	DEROPTYUS	D	9	\N	\N
936	ACCIPITRINUS	A	12	\N	\N
937	CYCLOPSITTA	C	11	\N	\N
938	GULIELMITERTII	G	14	\N	\N
939	SCHLEGEL	S	8	\N	\N
940	SUAVISSIMA	S	10	\N	\N
941	DIOPHTHALMA	D	11	\N	\N
942	HOMBRON	H	7	\N	\N
943	JACQUINOT	J	9	\N	\N
944	VIRAGO	V	6	\N	\N
945	1895	1	4	\N	\N
946	PSITTACULIROSTRIS	P	17	\N	\N
947	DESMARESTII	D	11	\N	\N
948	GODMANI	G	7	\N	\N
949	OGILVIE-GRANT	O	13	\N	\N
950	1911	1	4	\N	\N
951	BOLBOPSITTACUS	B	14	\N	\N
952	LUNULATUS	L	9	\N	\N
953	INTERMEDIUS	I	11	\N	\N
954	PSOPHIA	P	7	\N	\N
955	CREPITANS	C	9	\N	\N
956	NAPENSIS	N	8	\N	\N
957	1873	1	4	\N	\N
958	OBSCURA	O	7	\N	\N
959	PELZELN	P	7	\N	\N
960	PHAINOPEPLA	P	11	\N	\N
961	NITENS	N	6	\N	\N
962	AILUROEDUS	A	10	\N	\N
963	BUCCOIDES	B	9	\N	\N
964	STONII	S	6	\N	\N
965	CRASSIROSTRIS	C	13	\N	\N
966	FACIALIS	F	8	\N	\N
967	MAYR	M	4	\N	\N
968	1936	1	4	\N	\N
969	MACULOSUS	M	9	\N	\N
970	E	E	1	\N	\N
971	ARCHBOLDIA	A	10	\N	\N
972	PAPUENSIS	P	9	\N	\N
973	RAND	R	4	\N	\N
974	1940	1	4	\N	\N
975	AMBLYORNIS	A	10	\N	\N
976	MACGREGORIAE	M	12	\N	\N
977	KOMBOK	K	6	\N	\N
978	SCHODDE	S	7	\N	\N
979	MCKEAN	M	6	\N	\N
980	NUBICOLA	N	8	\N	\N
981	PTILONORHYNCHUS	P	15	\N	\N
982	VIOLACEUS	V	9	\N	\N
983	CHLAMYDERA	C	10	\N	\N
984	NUCHALIS	N	8	\N	\N
985	CARDINALIS	C	10	\N	\N
986	MAGNIROSTRIS	M	12	\N	\N
987	1903	1	4	\N	\N
988	IGNEUS	I	6	\N	\N
989	BAIRD	B	5	\N	\N
990	VERSICOLOR	V	10	\N	\N
991	DICKEYAE	D	8	\N	\N
992	CAERULEA	C	8	\N	\N
993	SINUATUS	S	8	\N	\N
994	FULVESCENS	F	10	\N	\N
995	PHEUCTICUS	P	10	\N	\N
996	CHRYSOPEPLUS	C	12	\N	\N
997	DILUTUS	D	7	\N	\N
998	AUREOVENTRIS	A	12	\N	\N
999	CRISSALIS	C	9	\N	\N
1000	NELSON	N	6	\N	\N
1001	FLAMMIGER	F	9	\N	\N
1002	1913	1	4	\N	\N
1003	SATURATUS	S	9	\N	\N
1004	CARYOTHRAUSTES	C	14	\N	\N
1005	POLIOGASTER	P	11	\N	\N
1006	DU	D	2	\N	\N
1007	BUS	B	3	\N	\N
1008	GISIGNIES	G	9	\N	\N
1009	CANADENSIS	C	10	\N	\N
1010	SALTATOR	S	8	\N	\N
1011	ATRICEPS	A	8	\N	\N
1012	RAPTOR	R	6	\N	\N
1013	CABOT	C	5	\N	\N
1014	MAXIMUS	M	7	\N	\N
1015	IUNGENS	I	7	\N	\N
1016	GRISCOM	G	7	\N	\N
1017	1929	1	4	\N	\N
1018	ATRIPENNIS	A	10	\N	\N
1019	CANICEPS	C	8	\N	\N
1020	CHAPMAN	C	7	\N	\N
1021	1914	1	4	\N	\N
1022	BREVICAUDUS	B	11	\N	\N
1023	HESPERIS	H	8	\N	\N
1024	1930	1	4	\N	\N
1025	PLUMBICEPS	P	10	\N	\N
1026	ORENOCENSIS	O	11	\N	\N
1027	AURANTIIROSTRIS	A	15	\N	\N
1028	HELLMAYRI	H	9	\N	\N
1029	BOND	B	4	\N	\N
1030	1939	1	4	\N	\N
1031	ALBICOLLIS	A	10	\N	\N
1032	STRIATIPECTUS	S	13	\N	\N
1033	IMMACULATUS	I	11	\N	\N
1034	BERLEPSCH	B	9	\N	\N
1035	STOLZMANN	S	9	\N	\N
1036	PERUVIANUS	P	10	\N	\N
1037	CORY	C	4	\N	\N
1038	1916	1	4	\N	\N
1039	CAMPYLOPTERUS	C	13	\N	\N
1040	CURVIPENNIS	C	11	\N	\N
1041	PAMPA	P	5	\N	\N
1042	LARGIPENNIS	L	11	\N	\N
1043	DUIDAE	D	6	\N	\N
1044	EUPETOMENA	E	10	\N	\N
1045	MACROURA	M	8	\N	\N
1046	HIRUNDO	H	7	\N	\N
1047	FLORISUGA	F	9	\N	\N
1048	MELLIVORA	M	9	\N	\N
1049	COLIBRI	C	7	\N	\N
1050	THALASSINUS	T	11	\N	\N
1051	KERDELI	K	7	\N	\N
1052	AVELEDO	A	7	\N	\N
1053	PEREZ	P	5	\N	\N
1054	1991	1	4	\N	\N
1055	CORUSCANS	C	9	\N	\N
1056	ROSTRATUS	R	9	\N	\N
1057	JR	J	2	\N	\N
1058	ANTHRACOTHORAX	A	14	\N	\N
1059	PREVOSTII	P	9	\N	\N
1060	TOPAZA	T	6	\N	\N
1061	PELLA	P	5	\N	\N
1062	MICRORHYNCHA	M	12	\N	\N
1063	BUTLER	B	6	\N	\N
1064	1926	1	4	\N	\N
1065	PYRA	P	4	\N	\N
1066	ORTHORHYNCUS	O	12	\N	\N
1067	EMIGRANS	E	8	\N	\N
1068	KLAIS	K	5	\N	\N
1069	GUIMETI	G	7	\N	\N
1070	MERRITTII	M	9	\N	\N
1071	ABEILLIA	A	8	\N	\N
1072	ABEILLEI	A	8	\N	\N
1073	DELATTRE	D	8	\N	\N
1074	LOPHORNIS	L	9	\N	\N
1075	CHALYBEUS	C	9	\N	\N
1076	PAVONINUS	P	9	\N	\N
1077	GODMAN	G	6	\N	\N
1078	CHLOROSTILBON	C	13	\N	\N
1079	NOTATUS	N	7	\N	\N
1080	CANIVETII	C	9	\N	\N
1081	SALVINI	S	7	\N	\N
1082	MELLISUGUS	M	10	\N	\N
1083	SUBFURCATUS	S	11	\N	\N
1084	STENURUS	S	8	\N	\N
1085	IGNOTUS	I	7	\N	\N
1086	TODD	T	4	\N	\N
1087	1942	1	4	\N	\N
1088	PANTERPE	P	8	\N	\N
1089	INSIGNIS	I	8	\N	\N
1090	EISENMANNI	E	10	\N	\N
1091	STILES	S	6	\N	\N
1092	1985	1	4	\N	\N
1093	EUPHERUSA	E	9	\N	\N
1094	EXIMIA	E	6	\N	\N
1095	NELSONI	N	7	\N	\N
1096	CYNANTHUS	C	9	\N	\N
1097	LATIROSTRIS	L	11	\N	\N
1098	TOROI	T	5	\N	\N
1099	BERLIOZ	B	7	\N	\N
1100	THALURANIA	T	10	\N	\N
1101	COLOMBICA	C	9	\N	\N
1102	VENUSTA	V	7	\N	\N
1103	1851	1	4	\N	\N
1104	FANNYI	F	6	\N	\N
1105	VERTICEPS	V	9	\N	\N
1106	FURCATA	F	7	\N	\N
1107	ERIPHILE	E	8	\N	\N
1108	JELSKII	J	7	\N	\N
1109	EMPIDONAX	E	9	\N	\N
1110	FLAVESCENS	F	10	\N	\N
1111	1886	1	4	\N	\N
1112	FULVIFRONS	F	10	\N	\N
1113	RUBICUNDUS	R	10	\N	\N
1114	PYROCEPHALUS	P	12	\N	\N
1115	RUBINUS	R	7	\N	\N
1116	DUBIUS	D	6	\N	\N
1117	T	T	1	\N	\N
1118	HOWELL	H	6	\N	\N
1119	1965	1	4	\N	\N
1120	KNIPOLEGUS	K	10	\N	\N
1121	SIGNATUS	S	8	\N	\N
1122	POECILURUS	P	10	\N	\N
1123	XINGUENSIS	X	10	\N	\N
1124	ATERRIMUS	A	9	\N	\N
1125	HETEROGYNA	H	10	\N	\N
1126	HYMENOPS	H	8	\N	\N
1127	PERSPICILLATUS	P	14	\N	\N
1128	MUSCISAXICOLA	M	13	\N	\N
1129	CINEREUS	C	8	\N	\N
1130	ARGENTINA	A	9	\N	\N
1131	HELLMAYR	H	8	\N	\N
1132	1932	1	4	\N	\N
1133	RUFIVERTEX	R	10	\N	\N
1134	OCCIPITALIS	O	11	\N	\N
1135	MACLOVIANUS	M	11	\N	\N
1136	MENTALIS	M	8	\N	\N
1137	ORBIGNY	O	7	\N	\N
1138	AGRIORNIS	A	9	\N	\N
1139	INSOLENS	I	8	\N	\N
1140	LIVIDUS	L	7	\N	\N
1141	XOLMIS	X	6	\N	\N
1142	PYROPE	P	6	\N	\N
1143	B	B	1	\N	\N
1144	IRUPERO	I	7	\N	\N
1145	MYIOTHERETES	M	12	\N	\N
1146	STRIATICOLLIS	S	13	\N	\N
1147	1906	1	4	\N	\N
1148	FUMIGATUS	F	9	\N	\N
1149	POLIOXOLMIS	P	11	\N	\N
1150	RUFIPENNIS	R	10	\N	\N
1151	BOLIVIANUS	B	10	\N	\N
1152	FJELDSA	F	7	\N	\N
1153	1990	1	4	\N	\N
1154	FLUVICOLA	F	9	\N	\N
1155	NENGETA	N	7	\N	\N
1156	OCHTHOECA	O	9	\N	\N
1157	FRONTALIS	F	9	\N	\N
1158	SPODIONOTA	S	10	\N	\N
1159	1896	1	4	\N	\N
1160	DIADEMA	D	7	\N	\N
1161	RUBELLULA	R	9	\N	\N
1162	CINNAMOMEIVENTRIS	C	17	\N	\N
1163	NIGRITA	N	7	\N	\N
1164	1871	1	4	\N	\N
1165	RUFIPECTORALIS	R	14	\N	\N
1166	POLIOGASTRA	P	11	\N	\N
1167	TECTRICIALIS	T	12	\N	\N
1168	FUMICOLOR	F	9	\N	\N
1169	GEOTRYGON	G	9	\N	\N
1170	VIOLACEA	V	8	\N	\N
1171	ALBIVENTER	A	10	\N	\N
1172	GOURA	G	5	\N	\N
1173	SCHEEPMAKERI	S	12	\N	\N
1174	GYMNOPHAPS	G	10	\N	\N
1175	ALBERTISII	A	10	\N	\N
1176	EXSUL	E	5	\N	\N
1177	HEMIPHAGA	H	9	\N	\N
1178	NOVAESEELANDIAE	N	15	\N	\N
1179	SPADICEA	S	8	\N	\N
1180	MALAE	M	5	\N	\N
1181	JAMAICENSIS	J	11	\N	\N
1182	PLUMBEICEPS	P	11	\N	\N
1183	RUFAXILLA	R	9	\N	\N
1184	REICHENBACHII	R	13	\N	\N
1185	VERREAUXI	V	9	\N	\N
1186	APPROXIMANS	A	11	\N	\N
1187	1917	1	4	\N	\N
1188	DECOLOR	D	7	\N	\N
1189	CAPITALIS	C	9	\N	\N
1190	1898	1	4	\N	\N
1191	MACROPYGIA	M	10	\N	\N
1192	AMBOINENSIS	A	11	\N	\N
1193	PHASIANELLA	P	11	\N	\N
1194	ALBICEPS	A	8	\N	\N
1195	HUESKERI	H	8	\N	\N
1196	KEYENSIS	K	8	\N	\N
1197	QUINKAN	Q	7	\N	\N
1198	1989	1	4	\N	\N
1199	EMILIANA	E	8	\N	\N
1200	ELASSA	E	6	\N	\N
1201	OBERHOLSER	O	10	\N	\N
1202	MEGALA	M	6	\N	\N
1203	SIEBERS	S	7	\N	\N
1204	MACKINLAYI	M	10	\N	\N
1205	AROSSI	A	6	\N	\N
1206	TRISTRAM	T	8	\N	\N
1207	MAGNA	M	5	\N	\N
1208	MACASSARIENSIS	M	14	\N	\N
1209	WALLACE	W	7	\N	\N
1210	RUFICEPS	R	8	\N	\N
1211	NANA	N	4	\N	\N
1212	UNCHALL	U	7	\N	\N
1213	1827	1	4	\N	\N
1214	METRIOPELIA	M	11	\N	\N
1215	CECILIAE	C	8	\N	\N
1216	ZIMMERI	Z	7	\N	\N
1217	OCYPHAPS	O	8	\N	\N
1218	LOPHOTES	L	8	\N	\N
1219	WHITLOCKI	W	9	\N	\N
1220	MATHEWS	M	7	\N	\N
1221	OTIDIPHAPS	O	10	\N	\N
1222	NOBILIS	N	7	\N	\N
1223	PATAGIOENAS	P	11	\N	\N
1224	CAYENNENSIS	C	11	\N	\N
1225	PALLIDICRISSA	P	13	\N	\N
1226	CHUBB	C	5	\N	\N
1227	SYLVESTRIS	S	10	\N	\N
1228	ARREMONOPS	A	10	\N	\N
1229	RUFIVIRGATUS	R	12	\N	\N
1230	ERYTHROPHTHALMUS	E	16	\N	\N
1231	CANASTER	C	8	\N	\N
1232	FUSCUS	F	6	\N	\N
1233	PASSERCULUS	P	11	\N	\N
1234	SANDWICHENSIS	S	13	\N	\N
1235	AMMODRAMUS	A	10	\N	\N
1236	SAVANNARUM	S	10	\N	\N
1237	AMMOLEGUS	A	9	\N	\N
1238	POOECETES	P	9	\N	\N
1239	GRAMINEUS	G	9	\N	\N
1240	CHONDESTES	C	10	\N	\N
1241	GRAMMACUS	G	9	\N	\N
1242	STRIGATUS	S	9	\N	\N
1243	AIMOPHILA	A	9	\N	\N
1244	SORORIA	S	7	\N	\N
1245	BOTTERII	B	8	\N	\N
1246	AMPHISPIZA	A	10	\N	\N
1247	BILINEATA	B	9	\N	\N
1248	DESERTICOLA	D	11	\N	\N
1249	BELLI	B	5	\N	\N
1250	CANESCENS	C	9	\N	\N
1251	GRINNELL	G	8	\N	\N
1252	JUNCO	J	5	\N	\N
1253	HYEMALIS	H	8	\N	\N
1254	AIKENI	A	6	\N	\N
1255	THURBERI	T	8	\N	\N
1256	ANTHONY	A	7	\N	\N
1257	INSULARIS	I	9	\N	\N
1258	SPIZELLA	S	8	\N	\N
1259	ARBOREA	A	7	\N	\N
1260	1810	1	4	\N	\N
1261	LAYARDI	L	7	\N	\N
1262	CAMPYLORHAMPHUS	C	15	\N	\N
1263	TROCHILIROSTRIS	T	15	\N	\N
1264	GUTTISTRIATUS	G	13	\N	\N
1265	PINTO	P	5	\N	\N
1266	CAMARGO	C	7	\N	\N
1267	1955	1	4	\N	\N
1268	1925	1	4	\N	\N
1269	THORACICUS	T	10	\N	\N
1270	BOREALIS	B	8	\N	\N
1271	CARRIKER	C	8	\N	\N
1272	TACHIRENSIS	T	11	\N	\N
1273	1956	1	4	\N	\N
1274	PROCURVOIDES	P	12	\N	\N
1275	SANUS	S	5	\N	\N
1276	BRACHYGALBA	B	11	\N	\N
1277	NAUMBURGI	N	9	\N	\N
1278	OBSCURICEPS	O	11	\N	\N
1279	GALBULA	G	7	\N	\N
1280	DEA	D	3	\N	\N
1281	AMAZONUM	A	8	\N	\N
1282	LEUCOGASTRA	L	11	\N	\N
1283	CUVIER	C	6	\N	\N
1284	TOMBACEA	T	8	\N	\N
1285	1943	1	4	\N	\N
1286	JACAMEROPS	J	10	\N	\N
1287	AUREUS	A	6	\N	\N
1288	RIDGWAYI	R	8	\N	\N
1289	ULOTHRIX	U	8	\N	\N
1290	VARIABILIS	V	10	\N	\N
1291	MICROTHAMNION	M	13	\N	\N
1292	STRICTISSIMUM	S	13	\N	\N
1293	RABENHORST	R	10	\N	\N
1294	MICROPALAMA	M	11	\N	\N
1295	DELICHON	D	8	\N	\N
1296	URBICA	U	6	\N	\N
1297	SANCTA	S	6	\N	\N
1298	RAMPHASTOS	R	10	\N	\N
1299	CULMINATUS	C	10	\N	\N
1300	BUCCO	B	5	\N	\N
1301	NOANAMAE	N	8	\N	\N
1302	TOCKUS	T	6	\N	\N
1303	ALBOCRISTATUS	A	13	\N	\N
1304	ACEROS	A	6	\N	\N
1305	UNDULATUS	U	9	\N	\N
1306	SAXICOLA	S	8	\N	\N
1307	TORQUATA	T	8	\N	\N
1308	CERATOGYMNA	C	11	\N	\N
1309	FISTULATOR	F	10	\N	\N
1310	ALBOTIBIALIS	A	12	\N	\N
1311	CORACIAS	C	8	\N	\N
1312	SPATULATA	S	9	\N	\N
1313	TRIMEN	T	6	\N	\N
1314	THOMENSIS	T	9	\N	\N
1315	ISPIDINA	I	8	\N	\N
1316	MADAGASCARIENSIS	M	16	\N	\N
1317	TODIRHAMPHUS	T	12	\N	\N
1318	NIGROCYANEUS	N	12	\N	\N
1319	1862	1	4	\N	\N
1320	MACLEAYII	M	9	\N	\N
1321	PYRRHOPYGIA	P	11	\N	\N
1322	CHLORIS	C	7	\N	\N
1323	SANCTUS	S	7	\N	\N
1324	GODEFFROYI	G	10	\N	\N
1325	OXYLOPHUS	O	9	\N	\N
1326	LEVAILLANTII	L	12	\N	\N
1327	CHRYSOCOCCYX	C	12	\N	\N
1328	RUFOMERUS	R	9	\N	\N
1329	EUDYNAMYS	E	9	\N	\N
1330	TAITENSIS	T	9	\N	\N
1331	SPARRMAN	S	8	\N	\N
1332	PHAENICOPHAEUS	P	14	\N	\N
1333	VIRIDIROSTRIS	V	13	\N	\N
1334	CUMINGI	C	7	\N	\N
1335	LORIUS	L	6	\N	\N
1336	ALBIDINUCHUS	A	12	\N	\N
1337	1924	1	4	\N	\N
1338	PRIONITURUS	P	11	\N	\N
1339	WATERSTRADTI	W	12	\N	\N
1340	PLATYCERCUS	P	11	\N	\N
1341	BARNARDI	B	8	\N	\N
1342	ARATINGA	A	8	\N	\N
1343	LEUCOPHTHALMUS	L	14	\N	\N
1344	AERODRAMUS	A	10	\N	\N
1345	VULCANORUM	V	10	\N	\N
1346	TACHYMARPTIS	T	12	\N	\N
1347	MELBA	M	5	\N	\N
1348	CUVIERII	C	8	\N	\N
1349	BERLEPSCHI	B	10	\N	\N
1350	ROBERTI	R	7	\N	\N
1351	TRICHOGLOSSUS	T	13	\N	\N
1352	RUBRIGULARIS	R	12	\N	\N
1353	1881	1	4	\N	\N
1354	MINIMA	M	6	\N	\N
1355	CAROLINENSIS	C	12	\N	\N
1356	AMERICANA	A	9	\N	\N
1357	BREVIPES	B	8	\N	\N
1358	MOLUCCANUS	M	10	\N	\N
1359	FAEROEENSIS	F	11	\N	\N
1360	BREHM	B	5	\N	\N
1361	FULIGULA	F	8	\N	\N
1362	FISCHERI	F	8	\N	\N
1363	FORPUS	F	6	\N	\N
1364	MELOSPIZA	M	9	\N	\N
1365	MELODIA	M	7	\N	\N
1366	INEXSPECTATA	I	12	\N	\N
1367	RILEY	R	5	\N	\N
1368	CULICIVORUS	C	11	\N	\N
1369	AURICAPILLUS	A	12	\N	\N
1370	CRYPTURELLUS	C	12	\N	\N
1371	BRABOURNE	B	9	\N	\N
1372	BRISSON	B	7	\N	\N
1373	1760	1	4	\N	\N
1374	GYPS	G	4	\N	\N
1375	SAVIGNY	S	7	\N	\N
1376	MERREM	M	6	\N	\N
1377	GAVIA	G	5	\N	\N
1378	ADAMSII	A	7	\N	\N
1379	EGRETTA	E	7	\N	\N
1380	SACRA	S	5	\N	\N
1381	CASMERODIUS	C	11	\N	\N
1382	GLOGER	G	6	\N	\N
1383	ZONOTRICHIA	Z	11	\N	\N
1384	LEUCOPHRYS	L	10	\N	\N
1385	CREX	C	4	\N	\N
1386	1803	1	4	\N	\N
1387	PORPHYRIO	P	9	\N	\N
1388	PORZANA	P	7	\N	\N
1389	IXOBRYCHUS	I	10	\N	\N
1390	BILLBERG	B	8	\N	\N
1391	LEACH	L	5	\N	\N
1392	KOCH	K	4	\N	\N
1393	PHOENICOPTERUS	P	14	\N	\N
1394	AULACORHYNCHUS	A	14	\N	\N
1395	1835	1	4	\N	\N
1396	PLEGADIS	P	8	\N	\N
1397	MELANOCORYPHA	M	13	\N	\N
1398	BOIE	B	4	\N	\N
1399	CARDUELIS	C	9	\N	\N
1400	TERETISTRIS	T	11	\N	\N
1401	PEUCEDRAMUS	P	11	\N	\N
1402	HENSHAW	H	7	\N	\N
1403	OEDISTOMA	O	9	\N	\N
1404	DINEMELLIA	D	10	\N	\N
1405	REICHENBACH	R	11	\N	\N
1406	BOMBYCILLA	B	10	\N	\N
1407	1808	1	4	\N	\N
1408	EUNOMUS	E	7	\N	\N
1409	ILLIGER	I	7	\N	\N
1410	AEGITHALOS	A	10	\N	\N
1411	SALPINCTES	S	10	\N	\N
1412	HELEIA	H	6	\N	\N
1413	TEPHROZOSTEROPS	T	15	\N	\N
1414	ALOPHOIXUS	A	10	\N	\N
1415	BLEDA	B	5	\N	\N
1416	NEOLESTES	N	9	\N	\N
1417	SETORNIS	S	8	\N	\N
1418	HYPOCOLIUS	H	10	\N	\N
1419	CALAMONASTES	C	12	\N	\N
1420	EURYPTILA	E	9	\N	\N
1421	OREOPHILAIS	O	11	\N	\N
1422	CLANCEY	C	7	\N	\N
1423	SCOTOCERCA	S	10	\N	\N
1424	1872	1	4	\N	\N
1425	BEBRORNIS	B	9	\N	\N
1426	DROMAEOCERCUS	D	13	\N	\N
1427	HEMPRICH	H	8	\N	\N
1428	MELANOLEUCA	M	11	\N	\N
1429	MYRMOCHANES	M	11	\N	\N
1430	PERCNOSTOLA	P	11	\N	\N
1431	PITHYS	P	6	\N	\N
1432	RHEGMATORHINA	R	13	\N	\N
1433	SCLATERIA	S	9	\N	\N
1434	THAMNOMANES	T	11	\N	\N
1435	PINGUINUS	P	9	\N	\N
1436	BONNATERRE	B	10	\N	\N
1437	1791	1	4	\N	\N
1438	COTURNIX	C	8	\N	\N
1439	PUFFINUS	P	8	\N	\N
1440	OCEANODROMA	O	11	\N	\N
1441	ASIO	A	4	\N	\N
1442	RHODOPIS	R	8	\N	\N
1443	1854	1	4	\N	\N
1444	EUDYPTES	E	8	\N	\N
1445	MOSELEYI	M	8	\N	\N
1446	IREDALE	I	7	\N	\N
1447	STRIGOPINAE	S	11	\N	\N
1448	AMBIGUUM	A	8	\N	\N
1449	PRINGSHEIMII	P	12	\N	\N
1450	CRAMER	C	6	\N	\N
1451	ERIENSE	E	7	\N	\N
1452	TIFFANY	T	7	\N	\N
1453	FURBERAE	F	8	\N	\N
1454	COLLINS	C	7	\N	\N
1455	QUADRATA	Q	8	\N	\N
1456	THRESKIORNIS	T	12	\N	\N
1457	FALCONIFORMES	F	13	\N	\N
1458	HAEMATOPUS	H	10	\N	\N
1459	OSTRALEGUS	O	10	\N	\N
1460	MELODUS	M	7	\N	\N
1461	CIRCUMCINCTUS	C	13	\N	\N
1462	ORD	O	3	\N	\N
1463	CUCULLATUS	C	10	\N	\N
1464	PLUVIANELLUS	P	12	\N	\N
1465	SOCIALIS	S	8	\N	\N
1466	APRICARIA	A	9	\N	\N
1467	ALTIFRONS	A	9	\N	\N
1468	RAFINESQUE	R	10	\N	\N
1469	CAPELLA	C	7	\N	\N
1470	GALLINAGO	G	9	\N	\N
1471	NUMENIUS	N	8	\N	\N
1472	PHAEOPUS	P	8	\N	\N
1473	ISLANDICUS	I	10	\N	\N
1474	ACTITIS	A	7	\N	\N
1475	HYPOLEUCOS	H	10	\N	\N
1476	INCANA	I	6	\N	\N
1477	CATOPTROPHORUS	C	14	\N	\N
1478	SEMIPALMATUS	S	12	\N	\N
1479	BREWSTER	B	8	\N	\N
1480	PTILOCNEMIS	P	11	\N	\N
1481	COUESI	C	6	\N	\N
1482	COOPERI	C	7	\N	\N
1483	HARDWICKII	H	10	\N	\N
1484	COENOCORYPHA	C	12	\N	\N
1485	MEXICANUS	M	9	\N	\N
1486	LOBIPES	L	7	\N	\N
1487	AFRICANUS	A	9	\N	\N
1488	1807	1	4	\N	\N
1489	PELTOHYAS	P	9	\N	\N
1490	GLAREOLA	G	8	\N	\N
1491	THINOCORUS	T	10	\N	\N
1492	ORBIGNYIANUS	O	12	\N	\N
1493	I	I	1	\N	\N
1494	GEOFFROY	G	8	\N	\N
1495	SAINT-HILAIRE	S	13	\N	\N
1496	CATHARACTA	C	10	\N	\N
1497	MACCORMICKI	M	11	\N	\N
1498	SAUNDERS	S	8	\N	\N
1499	GLAUCESCENS	G	11	\N	\N
1500	NAUMANN	N	7	\N	\N
1501	GRAELLSII	G	9	\N	\N
1502	SABINI	S	6	\N	\N
1503	SABINE	S	6	\N	\N
1504	APUS	A	4	\N	\N
1505	1777	1	4	\N	\N
1506	VIREO	V	5	\N	\N
1507	IRANIA	I	6	\N	\N
1508	FILIPPI	F	7	\N	\N
1509	MESITORNITHES	M	13	\N	\N
1510	COQUUS	C	6	\N	\N
1511	POLLEN	P	6	\N	\N
1512	AVICEDA	A	7	\N	\N
1513	SUBCRISTATA	S	11	\N	\N
1514	WAIGEUENSIS	W	11	\N	\N
1515	BOSTRYCHIA	B	10	\N	\N
1516	OLIVACEA	O	8	\N	\N
1517	AKELEYORUM	A	10	\N	\N
1518	PINNATUS	P	8	\N	\N
1519	CARIBAEUS	C	9	\N	\N
1520	DICKERMAN	D	9	\N	\N
1521	1961	1	4	\N	\N
1522	BISTRIATUS	B	10	\N	\N
1523	CAPENSIS	C	8	\N	\N
1524	DISTINCTUS	D	10	\N	\N
1525	BANNERMAN	B	9	\N	\N
1526	SAHARAE	S	7	\N	\N
1527	BUSARELLUS	B	10	\N	\N
1528	NIGRICOLLIS	N	11	\N	\N
1529	BANNERMANI	B	10	\N	\N
1530	1919	1	4	\N	\N
1531	MENETRIESI	M	10	\N	\N
1532	BOGDANOV	B	8	\N	\N
1533	FUMOSUS	F	7	\N	\N
1534	SOLITUDINIS	S	11	\N	\N
1535	1935	1	4	\N	\N
1536	JAPONICUS	J	9	\N	\N
1537	TOYOSHIMAI	T	10	\N	\N
1538	MOMIYAMA	M	8	\N	\N
1539	NITIDUS	N	7	\N	\N
1540	PLAGIATUS	P	9	\N	\N
1541	PLATYPTERUS	P	11	\N	\N
1542	INSULICOLA	I	10	\N	\N
1543	RUFINUS	R	7	\N	\N
1544	CIRTENSIS	C	9	\N	\N
1545	LEVAILLANT	L	10	\N	\N
1546	BUTEOGALLUS	B	11	\N	\N
1547	ANTHRACINUS	A	11	\N	\N
1548	SUBTILIS	S	8	\N	\N
1549	THAYER	T	6	\N	\N
1550	BUTORIDES	B	9	\N	\N
1551	ACTOPHILA	A	9	\N	\N
1552	IDENBURGI	I	9	\N	\N
1553	1941	1	4	\N	\N
1554	SOLOMONENSIS	S	12	\N	\N
1555	MACULATA	M	8	\N	\N
1556	ARCTICOLA	A	9	\N	\N
1557	1953	1	4	\N	\N
1558	SAKHALINA	S	9	\N	\N
1559	CANUTUS	C	7	\N	\N
1560	ROSELAARI	R	9	\N	\N
1561	TOMKOVICH	T	9	\N	\N
1562	CATHARTES	C	9	\N	\N
1563	AURA	A	4	\N	\N
1564	JOTA	J	4	\N	\N
1565	MOLINA	M	6	\N	\N
1566	1782	1	4	\N	\N
1567	BRUNNICH	B	8	\N	\N
1568	ACTITES	A	7	\N	\N
1569	MACULARIA	M	9	\N	\N
1570	PARUS	P	5	\N	\N
1571	CONRAD	C	6	\N	\N
1572	VON	V	3	\N	\N
1573	BALDENSTEIN	B	11	\N	\N
1574	CHETTUSIA	C	9	\N	\N
1575	GULDENSTADT	G	11	\N	\N
1576	1775	1	4	\N	\N
1577	JAROCKI	J	7	\N	\N
1578	BUBO	B	4	\N	\N
1579	SCANDIACA	S	9	\N	\N
1580	ENTEROMORPHA	E	12	\N	\N
1581	LINZIFORMIS	L	11	\N	\N
1582	MAURA	M	5	\N	\N
1583	BEWICKII	B	8	\N	\N
1584	YARRELL	Y	7	\N	\N
1585	FELDEGG	F	7	\N	\N
1586	MICHAHELLES	M	11	\N	\N
1587	IGNICAPILLA	I	11	\N	\N
1588	1800	1	4	\N	\N
1589	PALUSTRIS	P	9	\N	\N
1590	GRUS	G	4	\N	\N
1591	RUBICOLA	R	8	\N	\N
1592	THUNBERGI	T	9	\N	\N
1593	PALMODICTYON	P	12	\N	\N
1594	VARIUM	V	6	\N	\N
1595	NAGELI	N	6	\N	\N
1596	LEMMERMANN	L	10	\N	\N
1597	AHLNERIANA	A	10	\N	\N
1598	LACTUCA	L	7	\N	\N
1599	RUFICOLLIS	R	10	\N	\N
1600	PSEUDENDOCLONIUM	P	16	\N	\N
1601	MARINUM	M	7	\N	\N
1602	REINKE	R	6	\N	\N
1603	ALEEM	A	5	\N	\N
1604	SCHULZ	S	6	\N	\N
1605	REFRACTA	R	8	\N	\N
1606	FLEXUOSA	F	8	\N	\N
1607	VAGABUNDA	V	9	\N	\N
1608	HOEK	H	4	\N	\N
1609	PUNGENS	P	7	\N	\N
1610	HIRN	H	4	\N	\N
1611	SIMPLEX	S	7	\N	\N
1612	KL	K	2	\N	\N
1613	VINOGRADOV	V	10	\N	\N
1614	KOEMAN	K	6	\N	\N
1615	SAHNII	S	6	\N	\N
1616	RANDHAWA	R	8	\N	\N
1617	ENDODERMA	E	9	\N	\N
1618	VIRIDE	V	6	\N	\N
1619	CIRCUS	C	6	\N	\N
1620	CYANEUS	C	7	\N	\N
1621	CIRLUS	C	6	\N	\N
1622	COLLYBITA	C	9	\N	\N
1623	SOLUTA	S	6	\N	\N
1624	KLEBSORMIDIUM	K	13	\N	\N
1625	DISSECTUM	D	9	\N	\N
1626	GAY	G	3	\N	\N
1627	LOKHORST	L	8	\N	\N
1628	ANGULOSA	A	8	\N	\N
1629	LUNDELL	L	7	\N	\N
1630	ESTHONICA	E	9	\N	\N
1631	SKUJA	S	5	\N	\N
1632	RHIZOPUS	R	8	\N	\N
1633	JAO	J	3	\N	\N
1634	FLAVISSIMA	F	10	\N	\N
1635	1834	1	4	\N	\N
1636	APATOCOCCUS	A	11	\N	\N
1637	LOBATUS	L	7	\N	\N
1638	CHODAT	C	6	\N	\N
1639	PETERSEN	P	8	\N	\N
1640	GONGROSIRA	G	10	\N	\N
1641	PSEUDOPROSTRATA	P	15	\N	\N
1642	SYNCORYNE	S	9	\N	\N
1643	REINKEI	R	7	\N	\N
1644	NIELSEN	N	7	\N	\N
1645	PM	P	2	\N	\N
1646	PEDERSEN	P	8	\N	\N
1647	ROSTRATUM	R	9	\N	\N
1648	REINHARD	R	8	\N	\N
1649	GLOMERATA	G	9	\N	\N
1650	MELAGONIUM	M	10	\N	\N
1651	WEBER	W	5	\N	\N
1652	MOHR	M	4	\N	\N
1653	QUADRISETA	Q	10	\N	\N
1654	KORSIKOV	K	8	\N	\N
1655	NOVAKOVA	N	8	\N	\N
1656	POPOVSKI	P	8	\N	\N
1657	MONILE	M	6	\N	\N
1658	EXCISUM	E	7	\N	\N
1659	MIRANDRIUM	M	10	\N	\N
1660	WESTII	W	6	\N	\N
1661	BROWN	B	5	\N	\N
1662	SPECIOSA	S	8	\N	\N
1663	SPIROIDES	S	9	\N	\N
1664	WEST	W	4	\N	\N
1665	PRINTZ	P	6	\N	\N
1666	TENERA	T	6	\N	\N
1667	FRITSCHIANA	F	11	\N	\N
1668	INDICA	I	6	\N	\N
1669	KRIEGER	K	7	\N	\N
1670	LENTICULARIS	L	12	\N	\N
1671	LACUSTRIS	L	9	\N	\N
1672	PAWHUSKAE	P	9	\N	\N
1673	TAFT	T	4	\N	\N
1674	LACEPEDE	L	8	\N	\N
1675	1799	1	4	\N	\N
1676	TADORNA	T	7	\N	\N
1677	OKEN	O	4	\N	\N
1678	PHALACROCORACIIDAE	P	18	\N	\N
1679	PICIMORPHES	P	11	\N	\N
1680	CRYSTALLOPHORA	C	14	\N	\N
1681	TRENTEPOHLIA	T	12	\N	\N
1682	AUREA	A	5	\N	\N
1683	MARTENS	M	7	\N	\N
1684	VERRUCOSA	V	9	\N	\N
1685	VROMAN	V	6	\N	\N
1686	CYGNOIDES	C	9	\N	\N
1687	NORDMANNI	N	9	\N	\N
1688	NORDMANN	N	8	\N	\N
1689	IDIOANDROSPORUM	I	15	\N	\N
1690	NORDSTEDT	N	9	\N	\N
1691	PALLIDIROSTRIS	P	14	\N	\N
1692	MOUGEOTIA	M	9	\N	\N
1693	LAEVIS	L	6	\N	\N
1694	ARCHER	A	6	\N	\N
1695	SUBCRASSA	S	9	\N	\N
1696	WORONICHIN	W	10	\N	\N
